id,subject,quantity,measured,notes
C1,68000,manufacturer,,Toshiba / Hitachi / Motorola - decides which column of the timing budget applies
C2,68000,full part number,,e.g. TMP68HC000N-12 HD68HC000PS12 MC68HC000FN12
C3,68000,speed suffix,,-12 or -16. hardware-constraints.md section 1 assumes 12.5 MHz
C4,68000,date code,,Motorola AC specs improve for 8827 and later
C5,crystal,marked frequency,,wiki says 24.167829 MHz - every timing number derives from it
C6,crystal,bare crystal or can oscillator,,
C7,BIOS ROM,part number and region,,decides which BIOS a real-BIOS emulator test would have to use
C8,motherboard,revision marking,,the label every other number here is filed under
C9,slot,CHA to PROG connector centre-to-centre,8 / 10 - endpoints not yet defined,"AMBIGUOUS. read as inner-gap 8 and outer-to-outer 10, those imply a 1.00 mm slot for a 1.65 mm board, which is impossible. see teardown-aes-console.md section 4"
C10,slot,connectors parallel and coplanar,,
C11,slot,insertion depth,,
C12,slot,contacts per connector per face,,counted. confirms 50 independently of the cartridge silkscreen
C13,slot,key / rib / asymmetry preventing reversed insertion,,
C14,slot,pitch across 16 connector contacts,,independent confirmation of 2.54 mm from a different object
C9a,slot,inner face of board A to inner face of board B (the separator width),,if 8.0 then C9b must be 11.30
C9b,slot,outer face of board A to outer face of board B,,THE ONE THAT MATTERS. C9b - C9a must equal two board thicknesses = 3.30
C9c,slot,width of one slot opening,,must be at least 1.65. if it reads ~1.0 the jaws are not in the opening
C9d,cartridge shell,outer face to outer face across the two assembled board edges,,"EASIER ROUTE to the same number as C9b - measured on the cartridge, not inside the console"
